{
    "uid": "d09f5515-ae7d-4fb7-bfcf-9b5fbb8cd636",
    "name": "6_Default_RandomForest",
    "preprocessing": [
        {
            "remove_columns": [
                "EmployeeCount",
                "Over18",
                "StandardHours"
            ],
            "categorical": [
                {
                    "convert_method": "categorical_to_int",
                    "convert_params": {
                        "BusinessTravel": {
                            "Non-Travel": 0,
                            "Travel_Frequently": 1,
                            "Travel_Rarely": 2
                        },
                        "Department": {
                            "Cardiology": 0,
                            "Maternity": 1,
                            "Neurology": 2
                        },
                        "EducationField": {
                            "Human Resources": 0,
                            "Life Sciences": 1,
                            "Marketing": 2,
                            "Medical": 3,
                            "Other": 4,
                            "Technical Degree": 5
                        },
                        "Gender": {
                            "Female": 0,
                            "Male": 1
                        },
                        "JobRole": {
                            "Admin": 0,
                            "Administrative": 1,
                            "Nurse": 2,
                            "Other": 3,
                            "Therapist": 4
                        },
                        "MaritalStatus": {
                            "Divorced": 0,
                            "Married": 1,
                            "Single": 2
                        },
                        "OverTime": {
                            "No": 0,
                            "Yes": 1
                        }
                    },
                    "columns": [
                        "BusinessTravel",
                        "Department",
                        "EducationField",
                        "Gender",
                        "JobRole",
                        "MaritalStatus",
                        "OverTime"
                    ]
                }
            ],
            "categorical_y": {
                "No": 0,
                "Yes": 1
            },
            "ml_task": "binary_classification",
            "params": {
                "columns_preprocessing": {
                    "BusinessTravel": [
                        "categorical_to_int"
                    ],
                    "Department": [
                        "categorical_to_int"
                    ],
                    "EducationField": [
                        "categorical_to_int"
                    ],
                    "EmployeeCount": [
                        "remove_column"
                    ],
                    "Gender": [
                        "categorical_to_int"
                    ],
                    "JobRole": [
                        "categorical_to_int"
                    ],
                    "MaritalStatus": [
                        "categorical_to_int"
                    ],
                    "Over18": [
                        "remove_column"
                    ],
                    "OverTime": [
                        "categorical_to_int"
                    ],
                    "StandardHours": [
                        "remove_column"
                    ]
                },
                "target_preprocessing": [
                    "na_exclude",
                    "categorical_to_int"
                ],
                "ml_task": "binary_classification"
            }
        }
    ],
    "learners": [
        {
            "library_version": "1.0.2",
            "algorithm_name": "Random Forest",
            "algorithm_short_name": "Random Forest",
            "uid": "3689f696-1a08-4ed8-a250-0f8f8811f6a4",
            "params": {
                "model_type": "Random Forest",
                "ml_task": "binary_classification",
                "n_jobs": -1,
                "criterion": "gini",
                "max_features": 0.9,
                "min_samples_split": 30,
                "max_depth": 4,
                "seed": 6,
                "eval_metric_name": "logloss",
                "explain_level": 2
            },
            "name": "learner_fold_0"
        }
    ],
    "params": {
        "additional": {
            "trees_in_step": 100,
            "train_cant_improve_limit": 1,
            "min_steps": 1,
            "max_steps": 50,
            "early_stopping_rounds": 50,
            "max_rows_limit": null,
            "max_cols_limit": null
        },
        "preprocessing": {
            "columns_preprocessing": {
                "BusinessTravel": [
                    "categorical_to_int"
                ],
                "Department": [
                    "categorical_to_int"
                ],
                "EducationField": [
                    "categorical_to_int"
                ],
                "EmployeeCount": [
                    "remove_column"
                ],
                "Gender": [
                    "categorical_to_int"
                ],
                "JobRole": [
                    "categorical_to_int"
                ],
                "MaritalStatus": [
                    "categorical_to_int"
                ],
                "Over18": [
                    "remove_column"
                ],
                "OverTime": [
                    "categorical_to_int"
                ],
                "StandardHours": [
                    "remove_column"
                ]
            },
            "target_preprocessing": [
                "na_exclude",
                "categorical_to_int"
            ],
            "ml_task": "binary_classification"
        },
        "validation_strategy": {
            "validation_type": "split",
            "train_ratio": 0.75,
            "shuffle": true,
            "stratify": true,
            "X_path": "AutoML_1/X.data",
            "y_path": "AutoML_1/y.data",
            "results_path": "AutoML_1"
        },
        "learner": {
            "model_type": "Random Forest",
            "ml_task": "binary_classification",
            "n_jobs": -1,
            "criterion": "gini",
            "max_features": 0.9,
            "min_samples_split": 30,
            "max_depth": 4,
            "seed": 6,
            "eval_metric_name": "logloss",
            "explain_level": 2
        },
        "automl_random_state": 1234,
        "ml_task": "binary_classification",
        "explain_level": 2,
        "name": "6_Default_RandomForest",
        "status": "initialized",
        "final_loss": null,
        "train_time": null,
        "data_type": "original",
        "max_time_for_learner": 360.0
    },
    "saved": [
        "6_Default_RandomForest/learner_fold_0.random_forest"
    ],
    "predictions_fname": "6_Default_RandomForest/predictions_validation.csv",
    "metric_name": "logloss",
    "final_loss": 0.2552185551967376,
    "train_time": 7.703356742858887,
    "is_stacked": false,
    "threshold": 0.4475968313523557
}