feature,shap_importance
OverTime,0.09481236721185454
MonthlyIncome,0.04851633727183213
TotalWorkingYears,0.022351269669344434
Age,0.02056343292441995
DistanceFromHome,0.00928386889896863
NumCompaniesWorked,0.005165097742181479
JobInvolvement,0.0033653399591701723
EmployeeID,0.003076238109307697
WorkLifeBalance,0.003034426038046392
TrainingTimesLastYear,0.002591662230093337
MaritalStatus,0.0024462296632300593
DailyRate,0.0023331851412822864
YearsWithCurrManager,0.0021133403704811644
HourlyRate,0.0018042798644032397
JobLevel,0.0013080624091799265
EnvironmentSatisfaction,0.0012721058479060385
Shift,0.0011744481545181446
MonthlyRate,0.0011578969588860214
JobSatisfaction,0.0010055636918600548
YearsAtCompany,0.0009689153352878595
Department,0.0008244528208462642
YearsInCurrentRole,0.00075634376984417
Education,0.00027814574607768654
PercentSalaryHike,0.00019549104531224598
YearsSinceLastPromotion,0.00013956493854013472
EducationField,0.00013388181264045715
RelationshipSatisfaction,0.0
BusinessTravel,0.0
JobRole,0.0
Gender,0.0
PerformanceRating,0.0
