feature,mean_importance
EmployeeID,-0.001607955092119695
HourlyRate,-0.0009718908552668437
MonthlyRate,-0.0008765905534898977
TrainingTimesLastYear,-0.0003224882613665492
YearsInCurrentRole,-0.0002875626345645088
BusinessTravel,0.0
RelationshipSatisfaction,0.0
PerformanceRating,0.0
Gender,0.0
JobRole,0.0
EducationField,1.1653581515813638e-05
YearsSinceLastPromotion,6.58155821979145e-05
YearsWithCurrManager,8.367940198985568e-05
PercentSalaryHike,9.93449429028903e-05
YearsAtCompany,0.0001465303690279529
JobLevel,0.0003595846485968668
Department,0.0004879305528546207
Education,0.0005130234504665098
MaritalStatus,0.001067829806578935
Shift,0.001095268131044691
JobSatisfaction,0.0011346510818389666
EnvironmentSatisfaction,0.0017229121320036067
DailyRate,0.002558341136412179
TotalWorkingYears,0.0037839566057554673
DistanceFromHome,0.003983289668457168
NumCompaniesWorked,0.004300046843407823
WorkLifeBalance,0.0043101059287208865
Age,0.0062397884274936425
JobInvolvement,0.008855297163054342
MonthlyIncome,0.04156644013983803
OverTime,0.13225835398698438
