{
    "uid": "ad634c24-4b53-43d5-8921-8fec004e0af4",
    "name": "1_Baseline",
    "preprocessing": [
        {
            "remove_columns": [
                "EmployeeCount",
                "Over18",
                "StandardHours"
            ],
            "categorical_y": {
                "No": 0,
                "Yes": 1
            },
            "ml_task": "binary_classification",
            "params": {
                "columns_preprocessing": {
                    "EmployeeCount": [
                        "remove_column"
                    ],
                    "Over18": [
                        "remove_column"
                    ],
                    "StandardHours": [
                        "remove_column"
                    ]
                },
                "target_preprocessing": [
                    "na_exclude",
                    "categorical_to_int"
                ],
                "ml_task": "binary_classification"
            }
        }
    ],
    "learners": [
        {
            "library_version": "1.0.2",
            "algorithm_name": "Baseline Classifier",
            "algorithm_short_name": "Baseline",
            "uid": "8a686b23-5a03-4264-9790-2f5dc96f8984",
            "params": {
                "model_type": "Baseline",
                "ml_task": "binary_classification",
                "n_jobs": -1,
                "seed": 1235,
                "explain_level": 2
            },
            "name": "learner_fold_0"
        }
    ],
    "params": {
        "additional": {
            "max_steps": 1,
            "max_rows_limit": null,
            "max_cols_limit": null
        },
        "preprocessing": {
            "columns_preprocessing": {
                "EmployeeCount": [
                    "remove_column"
                ],
                "Over18": [
                    "remove_column"
                ],
                "StandardHours": [
                    "remove_column"
                ]
            },
            "target_preprocessing": [
                "na_exclude",
                "categorical_to_int"
            ],
            "ml_task": "binary_classification"
        },
        "validation_strategy": {
            "validation_type": "split",
            "train_ratio": 0.75,
            "shuffle": true,
            "stratify": true,
            "X_path": "AutoML_1/X.data",
            "y_path": "AutoML_1/y.data",
            "results_path": "AutoML_1"
        },
        "learner": {
            "model_type": "Baseline",
            "ml_task": "binary_classification",
            "n_jobs": -1,
            "seed": 1235,
            "explain_level": 2
        },
        "automl_random_state": 1234,
        "ml_task": "binary_classification",
        "explain_level": 2,
        "name": "1_Baseline",
        "status": "initialized",
        "final_loss": null,
        "train_time": null,
        "data_type": "original",
        "max_time_for_learner": 360.0
    },
    "saved": [
        "1_Baseline/learner_fold_0.baseline"
    ],
    "predictions_fname": "1_Baseline/predictions_validation.csv",
    "metric_name": "logloss",
    "final_loss": 0.3682024928994682,
    "train_time": 0.7620804309844971,
    "is_stacked": false,
    "threshold": 0.1070063694267516
}