feature,mean_importance
YearsInCurrentRole,-0.001646047106162196
EmployeeID,0.0
YearsAtCompany,0.0
WorkLifeBalance,0.0
TrainingTimesLastYear,0.0
Shift,0.0
RelationshipSatisfaction,0.0
PerformanceRating,0.0
PercentSalaryHike,0.0
NumCompaniesWorked,0.0
MonthlyRate,0.0
YearsSinceLastPromotion,0.0
JobSatisfaction,0.0
MaritalStatus,0.0
JobLevel,0.0
BusinessTravel,0.0
DailyRate,0.0
Department,0.0
JobRole,0.0
EducationField,0.0
Education,0.0
Gender,0.0
HourlyRate,0.0
JobInvolvement,0.0
EnvironmentSatisfaction,0.0
YearsWithCurrManager,0.0
Age,0.004148155608820281
DistanceFromHome,0.007060992227738039
TotalWorkingYears,0.008864722466161667
MonthlyIncome,0.054532676169150265
OverTime,0.15580543912978456
