feature,shap_importance
OverTime,0.09431698294828174
MonthlyIncome,0.05499693462331035
TotalWorkingYears,0.01870252340765706
Age,0.018546444939276176
DistanceFromHome,0.013945490171224546
YearsInCurrentRole,0.004688462853787719
YearsAtCompany,0.0
WorkLifeBalance,0.0
TrainingTimesLastYear,0.0
MonthlyRate,0.0
Shift,0.0
RelationshipSatisfaction,0.0
PerformanceRating,0.0
PercentSalaryHike,0.0
YearsSinceLastPromotion,0.0
NumCompaniesWorked,0.0
EmployeeID,0.0
MaritalStatus,0.0
JobSatisfaction,0.0
JobRole,0.0
JobLevel,0.0
JobInvolvement,0.0
HourlyRate,0.0
Gender,0.0
EnvironmentSatisfaction,0.0
EducationField,0.0
Education,0.0
Department,0.0
DailyRate,0.0
BusinessTravel,0.0
YearsWithCurrManager,0.0
