{
    "name": "Ensemble",
    "ml_task": "binary_classification",
    "optimize_metric": "logloss",
    "selected_models": [
        {
            "model": "3_Linear",
            "repeat": 5.0
        },
        {
            "model": "4_Default_Xgboost",
            "repeat": 1.0
        }
    ],
    "predictions_fname": "Ensemble/predictions_ensemble.csv",
    "metric_name": "logloss",
    "final_loss": 0.17981130604175113,
    "train_time": 0.8346507549285889,
    "is_stacked": false,
    "threshold": 0.3639992732743065
}