{
    "columns": [
        "EmployeeID",
        "Age",
        "BusinessTravel",
        "DailyRate",
        "Department",
        "DistanceFromHome",
        "Education",
        "EducationField",
        "EmployeeCount",
        "EnvironmentSatisfaction",
        "Gender",
        "HourlyRate",
        "JobInvolvement",
        "JobLevel",
        "JobRole",
        "JobSatisfaction",
        "MaritalStatus",
        "MonthlyIncome",
        "MonthlyRate",
        "NumCompaniesWorked",
        "Over18",
        "OverTime",
        "PercentSalaryHike",
        "PerformanceRating",
        "RelationshipSatisfaction",
        "StandardHours",
        "Shift",
        "TotalWorkingYears",
        "TrainingTimesLastYear",
        "WorkLifeBalance",
        "YearsAtCompany",
        "YearsInCurrentRole",
        "YearsSinceLastPromotion",
        "YearsWithCurrManager"
    ],
    "rows": 1257,
    "cols": 34,
    "target_is_numeric": false,
    "columns_info": {
        "EmployeeID": [
            "scale"
        ],
        "Age": [
            "scale"
        ],
        "BusinessTravel": [
            "categorical",
            "few_categories"
        ],
        "DailyRate": [
            "scale"
        ],
        "Department": [
            "categorical",
            "few_categories"
        ],
        "DistanceFromHome": [
            "scale"
        ],
        "Education": [
            "scale"
        ],
        "EducationField": [
            "categorical",
            "few_categories"
        ],
        "EmployeeCount": [
            "constant_column"
        ],
        "EnvironmentSatisfaction": [
            "scale"
        ],
        "Gender": [
            "categorical",
            "few_categories"
        ],
        "HourlyRate": [
            "scale"
        ],
        "JobInvolvement": [
            "scale"
        ],
        "JobLevel": [
            "scale"
        ],
        "JobRole": [
            "categorical",
            "few_categories"
        ],
        "JobSatisfaction": [
            "scale"
        ],
        "MaritalStatus": [
            "categorical",
            "few_categories"
        ],
        "MonthlyIncome": [
            "scale"
        ],
        "MonthlyRate": [
            "scale"
        ],
        "NumCompaniesWorked": [
            "scale"
        ],
        "Over18": [
            "constant_column"
        ],
        "OverTime": [
            "categorical",
            "few_categories"
        ],
        "PercentSalaryHike": [
            "scale"
        ],
        "PerformanceRating": [
            "scale"
        ],
        "RelationshipSatisfaction": [
            "scale"
        ],
        "StandardHours": [
            "constant_column"
        ],
        "Shift": [
            "scale"
        ],
        "TotalWorkingYears": [
            "scale"
        ],
        "TrainingTimesLastYear": [
            "scale"
        ],
        "WorkLifeBalance": [
            "scale"
        ],
        "YearsAtCompany": [
            "scale"
        ],
        "YearsInCurrentRole": [
            "scale"
        ],
        "YearsSinceLastPromotion": [
            "scale"
        ],
        "YearsWithCurrManager": [
            "scale"
        ]
    },
    "target_info": [
        "convert_0_1"
    ],
    "n_features": 34,
    "is_sample_weighted": false,
    "n_classes": 2
}