{
    "fit_level": "finished",
    "time_controller": {
        "total_time_limit": 3600,
        "model_time_limit": null,
        "steps": [
            "simple_algorithms",
            "default_algorithms",
            "ensemble"
        ],
        "algorithms": [
            "Baseline",
            "Linear",
            "Decision Tree",
            "Random Forest",
            "Xgboost",
            "Neural Network"
        ],
        "spend": [
            {
                "model_name": "prepare_data",
                "model_type": "prepare_data",
                "fit_level": "prepare_data",
                "train_time": 0.10088610649108887
            },
            {
                "model_name": "1_Baseline",
                "model_type": "Baseline",
                "fit_level": "simple_algorithms",
                "train_time": 0.7620804309844971
            },
            {
                "model_name": "2_DecisionTree",
                "model_type": "Decision Tree",
                "fit_level": "simple_algorithms",
                "train_time": 14.426176071166992
            },
            {
                "model_name": "3_Linear",
                "model_type": "Linear",
                "fit_level": "simple_algorithms",
                "train_time": 4.958036422729492
            },
            {
                "model_name": "4_Default_Xgboost",
                "model_type": "Xgboost",
                "fit_level": "default_algorithms",
                "train_time": 5.6985180377960205
            },
            {
                "model_name": "5_Default_NeuralNetwork",
                "model_type": "Neural Network",
                "fit_level": "default_algorithms",
                "train_time": 2.5578389167785645
            },
            {
                "model_name": "6_Default_RandomForest",
                "model_type": "Random Forest",
                "fit_level": "default_algorithms",
                "train_time": 7.703356742858887
            },
            {
                "model_name": "Ensemble",
                "model_type": "Ensemble",
                "fit_level": "ensemble",
                "train_time": 0.8346507549285889
            }
        ],
        "is_hill_climbing": false,
        "is_stacking": false
    },
    "all_params": {
        "simple_algorithms": [
            {
                "additional": {
                    "max_steps": 1,
                    "max_rows_limit": null,
                    "max_cols_limit": null
                },
                "preprocessing": {
                    "columns_preprocessing": {
                        "EmployeeCount": [
                            "remove_column"
                        ],
                        "Over18": [
                            "remove_column"
                        ],
                        "StandardHours": [
                            "remove_column"
                        ]
                    },
                    "target_preprocessing": [
                        "na_exclude",
                        "categorical_to_int"
                    ],
                    "ml_task": "binary_classification"
                },
                "validation_strategy": {
                    "validation_type": "split",
                    "train_ratio": 0.75,
                    "shuffle": true,
                    "stratify": true,
                    "X_path": "AutoML_1/X.data",
                    "y_path": "AutoML_1/y.data",
                    "results_path": "AutoML_1"
                },
                "learner": {
                    "model_type": "Baseline",
                    "ml_task": "binary_classification",
                    "n_jobs": -1,
                    "seed": 1235,
                    "explain_level": 2
                },
                "automl_random_state": 1234,
                "ml_task": "binary_classification",
                "explain_level": 2,
                "name": "1_Baseline",
                "status": "trained",
                "final_loss": 0.3682024928994682,
                "train_time": 1.7718510627746582,
                "data_type": "original",
                "max_time_for_learner": 360.0
            },
            {
                "additional": {
                    "trees_in_step": 1,
                    "train_cant_improve_limit": 0,
                    "max_steps": 1,
                    "max_rows_limit": null,
                    "max_cols_limit": null
                },
                "preprocessing": {
                    "columns_preprocessing": {
                        "BusinessTravel": [
                            "categorical_to_int"
                        ],
                        "Department": [
                            "categorical_to_int"
                        ],
                        "EducationField": [
                            "categorical_to_int"
                        ],
                        "EmployeeCount": [
                            "remove_column"
                        ],
                        "Gender": [
                            "categorical_to_int"
                        ],
                        "JobRole": [
                            "categorical_to_int"
                        ],
                        "MaritalStatus": [
                            "categorical_to_int"
                        ],
                        "Over18": [
                            "remove_column"
                        ],
                        "OverTime": [
                            "categorical_to_int"
                        ],
                        "StandardHours": [
                            "remove_column"
                        ]
                    },
                    "target_preprocessing": [
                        "na_exclude",
                        "categorical_to_int"
                    ],
                    "ml_task": "binary_classification"
                },
                "validation_strategy": {
                    "validation_type": "split",
                    "train_ratio": 0.75,
                    "shuffle": true,
                    "stratify": true,
                    "X_path": "AutoML_1/X.data",
                    "y_path": "AutoML_1/y.data",
                    "results_path": "AutoML_1"
                },
                "learner": {
                    "model_type": "Decision Tree",
                    "ml_task": "binary_classification",
                    "n_jobs": -1,
                    "seed": 1235,
                    "criterion": "gini",
                    "max_depth": 3,
                    "explain_level": 2
                },
                "automl_random_state": 1234,
                "ml_task": "binary_classification",
                "explain_level": 2,
                "name": "2_DecisionTree",
                "status": "trained",
                "final_loss": 0.29378348768404544,
                "train_time": 15.934300422668457,
                "data_type": "original",
                "max_time_for_learner": 360.0
            },
            {
                "additional": {
                    "max_steps": 1,
                    "max_rows_limit": null,
                    "max_cols_limit": null
                },
                "preprocessing": {
                    "columns_preprocessing": {
                        "EmployeeID": [
                            "scale_normal"
                        ],
                        "Age": [
                            "scale_normal"
                        ],
                        "BusinessTravel": [
                            "categorical_to_int",
                            "scale_normal"
                        ],
                        "DailyRate": [
                            "scale_normal"
                        ],
                        "Department": [
                            "categorical_to_int",
                            "scale_normal"
                        ],
                        "DistanceFromHome": [
                            "scale_normal"
                        ],
                        "Education": [
                            "scale_normal"
                        ],
                        "EducationField": [
                            "categorical_to_int",
                            "scale_normal"
                        ],
                        "EmployeeCount": [
                            "remove_column"
                        ],
                        "EnvironmentSatisfaction": [
                            "scale_normal"
                        ],
                        "Gender": [
                            "categorical_to_int",
                            "scale_normal"
                        ],
                        "HourlyRate": [
                            "scale_normal"
                        ],
                        "JobInvolvement": [
                            "scale_normal"
                        ],
                        "JobLevel": [
                            "scale_normal"
                        ],
                        "JobRole": [
                            "categorical_to_int",
                            "scale_normal"
                        ],
                        "JobSatisfaction": [
                            "scale_normal"
                        ],
                        "MaritalStatus": [
                            "categorical_to_int",
                            "scale_normal"
                        ],
                        "MonthlyIncome": [
                            "scale_normal"
                        ],
                        "MonthlyRate": [
                            "scale_normal"
                        ],
                        "NumCompaniesWorked": [
                            "scale_normal"
                        ],
                        "Over18": [
                            "remove_column"
                        ],
                        "OverTime": [
                            "categorical_to_int",
                            "scale_normal"
                        ],
                        "PercentSalaryHike": [
                            "scale_normal"
                        ],
                        "PerformanceRating": [
                            "scale_normal"
                        ],
                        "RelationshipSatisfaction": [
                            "scale_normal"
                        ],
                        "StandardHours": [
                            "remove_column"
                        ],
                        "Shift": [
                            "scale_normal"
                        ],
                        "TotalWorkingYears": [
                            "scale_normal"
                        ],
                        "TrainingTimesLastYear": [
                            "scale_normal"
                        ],
                        "WorkLifeBalance": [
                            "scale_normal"
                        ],
                        "YearsAtCompany": [
                            "scale_normal"
                        ],
                        "YearsInCurrentRole": [
                            "scale_normal"
                        ],
                        "YearsSinceLastPromotion": [
                            "scale_normal"
                        ],
                        "YearsWithCurrManager": [
                            "scale_normal"
                        ]
                    },
                    "target_preprocessing": [
                        "na_exclude",
                        "categorical_to_int"
                    ],
                    "ml_task": "binary_classification"
                },
                "validation_strategy": {
                    "validation_type": "split",
                    "train_ratio": 0.75,
                    "shuffle": true,
                    "stratify": true,
                    "X_path": "AutoML_1/X.data",
                    "y_path": "AutoML_1/y.data",
                    "results_path": "AutoML_1"
                },
                "learner": {
                    "model_type": "Linear",
                    "ml_task": "binary_classification",
                    "n_jobs": -1,
                    "seed": 1235,
                    "explain_level": 2
                },
                "automl_random_state": 1234,
                "ml_task": "binary_classification",
                "explain_level": 2,
                "name": "3_Linear",
                "status": "trained",
                "final_loss": 0.1807316362855721,
                "train_time": 6.485737323760986,
                "data_type": "original",
                "max_time_for_learner": 360.0
            }
        ],
        "default_algorithms": [
            {
                "additional": {
                    "max_rounds": 10000,
                    "early_stopping_rounds": 50,
                    "max_rows_limit": null,
                    "max_cols_limit": null
                },
                "preprocessing": {
                    "columns_preprocessing": {
                        "BusinessTravel": [
                            "categorical_to_int"
                        ],
                        "Department": [
                            "categorical_to_int"
                        ],
                        "EducationField": [
                            "categorical_to_int"
                        ],
                        "EmployeeCount": [
                            "remove_column"
                        ],
                        "Gender": [
                            "categorical_to_int"
                        ],
                        "JobRole": [
                            "categorical_to_int"
                        ],
                        "MaritalStatus": [
                            "categorical_to_int"
                        ],
                        "Over18": [
                            "remove_column"
                        ],
                        "OverTime": [
                            "categorical_to_int"
                        ],
                        "StandardHours": [
                            "remove_column"
                        ]
                    },
                    "target_preprocessing": [
                        "na_exclude",
                        "categorical_to_int"
                    ],
                    "ml_task": "binary_classification"
                },
                "validation_strategy": {
                    "validation_type": "split",
                    "train_ratio": 0.75,
                    "shuffle": true,
                    "stratify": true,
                    "X_path": "AutoML_1/X.data",
                    "y_path": "AutoML_1/y.data",
                    "results_path": "AutoML_1"
                },
                "learner": {
                    "model_type": "Xgboost",
                    "ml_task": "binary_classification",
                    "n_jobs": -1,
                    "objective": "binary:logistic",
                    "eta": 0.075,
                    "max_depth": 6,
                    "min_child_weight": 1,
                    "subsample": 1.0,
                    "colsample_bytree": 1.0,
                    "seed": 4,
                    "eval_metric": "logloss",
                    "explain_level": 2
                },
                "automl_random_state": 1234,
                "ml_task": "binary_classification",
                "explain_level": 2,
                "name": "4_Default_Xgboost",
                "status": "trained",
                "final_loss": 0.23185514131531357,
                "train_time": 7.246210098266602,
                "data_type": "original",
                "max_time_for_learner": 360.0
            },
            {
                "additional": {
                    "max_rows_limit": null,
                    "max_cols_limit": null
                },
                "preprocessing": {
                    "columns_preprocessing": {
                        "EmployeeID": [
                            "scale_normal"
                        ],
                        "Age": [
                            "scale_normal"
                        ],
                        "BusinessTravel": [
                            "categorical_to_int",
                            "scale_normal"
                        ],
                        "DailyRate": [
                            "scale_normal"
                        ],
                        "Department": [
                            "categorical_to_int",
                            "scale_normal"
                        ],
                        "DistanceFromHome": [
                            "scale_normal"
                        ],
                        "Education": [
                            "scale_normal"
                        ],
                        "EducationField": [
                            "categorical_to_int",
                            "scale_normal"
                        ],
                        "EmployeeCount": [
                            "remove_column"
                        ],
                        "EnvironmentSatisfaction": [
                            "scale_normal"
                        ],
                        "Gender": [
                            "categorical_to_int",
                            "scale_normal"
                        ],
                        "HourlyRate": [
                            "scale_normal"
                        ],
                        "JobInvolvement": [
                            "scale_normal"
                        ],
                        "JobLevel": [
                            "scale_normal"
                        ],
                        "JobRole": [
                            "categorical_to_int",
                            "scale_normal"
                        ],
                        "JobSatisfaction": [
                            "scale_normal"
                        ],
                        "MaritalStatus": [
                            "categorical_to_int",
                            "scale_normal"
                        ],
                        "MonthlyIncome": [
                            "scale_normal"
                        ],
                        "MonthlyRate": [
                            "scale_normal"
                        ],
                        "NumCompaniesWorked": [
                            "scale_normal"
                        ],
                        "Over18": [
                            "remove_column"
                        ],
                        "OverTime": [
                            "categorical_to_int",
                            "scale_normal"
                        ],
                        "PercentSalaryHike": [
                            "scale_normal"
                        ],
                        "PerformanceRating": [
                            "scale_normal"
                        ],
                        "RelationshipSatisfaction": [
                            "scale_normal"
                        ],
                        "StandardHours": [
                            "remove_column"
                        ],
                        "Shift": [
                            "scale_normal"
                        ],
                        "TotalWorkingYears": [
                            "scale_normal"
                        ],
                        "TrainingTimesLastYear": [
                            "scale_normal"
                        ],
                        "WorkLifeBalance": [
                            "scale_normal"
                        ],
                        "YearsAtCompany": [
                            "scale_normal"
                        ],
                        "YearsInCurrentRole": [
                            "scale_normal"
                        ],
                        "YearsSinceLastPromotion": [
                            "scale_normal"
                        ],
                        "YearsWithCurrManager": [
                            "scale_normal"
                        ]
                    },
                    "target_preprocessing": [
                        "na_exclude",
                        "categorical_to_int"
                    ],
                    "ml_task": "binary_classification"
                },
                "validation_strategy": {
                    "validation_type": "split",
                    "train_ratio": 0.75,
                    "shuffle": true,
                    "stratify": true,
                    "X_path": "AutoML_1/X.data",
                    "y_path": "AutoML_1/y.data",
                    "results_path": "AutoML_1"
                },
                "learner": {
                    "model_type": "Neural Network",
                    "ml_task": "binary_classification",
                    "n_jobs": -1,
                    "dense_1_size": 32,
                    "dense_2_size": 16,
                    "learning_rate": 0.05,
                    "seed": 5,
                    "explain_level": 2
                },
                "automl_random_state": 1234,
                "ml_task": "binary_classification",
                "explain_level": 2,
                "name": "5_Default_NeuralNetwork",
                "status": "trained",
                "final_loss": 0.6421873186627527,
                "train_time": 3.8824973106384277,
                "data_type": "original",
                "max_time_for_learner": 360.0
            },
            {
                "additional": {
                    "trees_in_step": 100,
                    "train_cant_improve_limit": 1,
                    "min_steps": 1,
                    "max_steps": 50,
                    "early_stopping_rounds": 50,
                    "max_rows_limit": null,
                    "max_cols_limit": null
                },
                "preprocessing": {
                    "columns_preprocessing": {
                        "BusinessTravel": [
                            "categorical_to_int"
                        ],
                        "Department": [
                            "categorical_to_int"
                        ],
                        "EducationField": [
                            "categorical_to_int"
                        ],
                        "EmployeeCount": [
                            "remove_column"
                        ],
                        "Gender": [
                            "categorical_to_int"
                        ],
                        "JobRole": [
                            "categorical_to_int"
                        ],
                        "MaritalStatus": [
                            "categorical_to_int"
                        ],
                        "Over18": [
                            "remove_column"
                        ],
                        "OverTime": [
                            "categorical_to_int"
                        ],
                        "StandardHours": [
                            "remove_column"
                        ]
                    },
                    "target_preprocessing": [
                        "na_exclude",
                        "categorical_to_int"
                    ],
                    "ml_task": "binary_classification"
                },
                "validation_strategy": {
                    "validation_type": "split",
                    "train_ratio": 0.75,
                    "shuffle": true,
                    "stratify": true,
                    "X_path": "AutoML_1/X.data",
                    "y_path": "AutoML_1/y.data",
                    "results_path": "AutoML_1"
                },
                "learner": {
                    "model_type": "Random Forest",
                    "ml_task": "binary_classification",
                    "n_jobs": -1,
                    "criterion": "gini",
                    "max_features": 0.9,
                    "min_samples_split": 30,
                    "max_depth": 4,
                    "seed": 6,
                    "eval_metric_name": "logloss",
                    "explain_level": 2
                },
                "automl_random_state": 1234,
                "ml_task": "binary_classification",
                "explain_level": 2,
                "name": "6_Default_RandomForest",
                "status": "trained",
                "final_loss": 0.2552185551967376,
                "train_time": 9.315178155899048,
                "data_type": "original",
                "max_time_for_learner": 360.0
            }
        ],
        "ensemble": [
            {
                "model_type": "ensemble",
                "is_stacked": false,
                "name": "Ensemble",
                "status": "trained",
                "final_loss": 0.17981130604175113,
                "train_time": 0.8346507549285889
            }
        ]
    },
    "adjust_validation": false
}