{
    "uid": "d6ff485f-c9a1-45a8-b98e-520c1dfd0968",
    "name": "5_Default_NeuralNetwork",
    "preprocessing": [
        {
            "remove_columns": [
                "EmployeeCount",
                "Over18",
                "StandardHours"
            ],
            "categorical": [
                {
                    "convert_method": "categorical_to_int",
                    "convert_params": {
                        "BusinessTravel": {
                            "Non-Travel": 0,
                            "Travel_Frequently": 1,
                            "Travel_Rarely": 2
                        },
                        "Department": {
                            "Cardiology": 0,
                            "Maternity": 1,
                            "Neurology": 2
                        },
                        "EducationField": {
                            "Human Resources": 0,
                            "Life Sciences": 1,
                            "Marketing": 2,
                            "Medical": 3,
                            "Other": 4,
                            "Technical Degree": 5
                        },
                        "Gender": {
                            "Female": 0,
                            "Male": 1
                        },
                        "JobRole": {
                            "Admin": 0,
                            "Administrative": 1,
                            "Nurse": 2,
                            "Other": 3,
                            "Therapist": 4
                        },
                        "MaritalStatus": {
                            "Divorced": 0,
                            "Married": 1,
                            "Single": 2
                        },
                        "OverTime": {
                            "No": 0,
                            "Yes": 1
                        }
                    },
                    "columns": [
                        "BusinessTravel",
                        "Department",
                        "EducationField",
                        "Gender",
                        "JobRole",
                        "MaritalStatus",
                        "OverTime"
                    ]
                }
            ],
            "scale": [
                {
                    "scale": [
                        250011.72838465538,
                        9.05907560447314,
                        0.6544480518071607,
                        403.95856076214517,
                        0.7028787399590022,
                        8.091641352584197,
                        1.037015900115182,
                        1.3282134244429407,
                        1.0824590438030819,
                        0.4917905115390801,
                        20.01698955746352,
                        0.6889956448193734,
                        1.140384844827852,
                        0.8418064912903319,
                        1.102221687474087,
                        0.7189031455505093,
                        4804.838901980268,
                        7096.773072655049,
                        2.5156156028202736,
                        0.45117647050353604,
                        3.557060467734286,
                        0.3471191488774194,
                        1.0833519275724492,
                        0.8566300161715626,
                        7.903671077880095,
                        1.2811246002063466,
                        0.6822525274640004,
                        6.163767908979112,
                        3.5683850828963615,
                        3.109892677794175,
                        3.640915354956631
                    ],
                    "mean": [
                        1454675.1645435244,
                        37.00530785562633,
                        1.6220806794055203,
                        793.692144373673,
                        0.8938428874734607,
                        9.278131634819532,
                        2.9203821656050954,
                        2.256900212314225,
                        2.738853503184713,
                        0.5902335456475584,
                        65.64225053078556,
                        2.7356687898089174,
                        2.064755838641189,
                        2.454352441613588,
                        2.7282377919320595,
                        1.1135881104033971,
                        6546.1518046709125,
                        14449.83439490446,
                        2.739915074309979,
                        0.28450106157112526,
                        15.169851380042463,
                        3.140127388535032,
                        2.700636942675159,
                        0.7845010615711253,
                        11.345010615711253,
                        2.767515923566879,
                        2.770700636942675,
                        6.923566878980892,
                        4.193205944798302,
                        2.1475583864118897,
                        4.095541401273885
                    ],
                    "var": [
                        62505864329.88269,
                        82.06685080756037,
                        0.42830225251418813,
                        163182.51881302375,
                        0.4940385230863546,
                        65.47465977885062,
                        1.075401977091701,
                        1.7641509008704432,
                        1.1717175815110823,
                        0.24185790723987005,
                        400.6798709436037,
                        0.47471499858006405,
                        1.3004775943130438,
                        0.7086381687785396,
                        1.2148926483382243,
                        0.5168217326824167,
                        23086476.873982944,
                        50364188.044761784,
                        6.328321861152809,
                        0.20356020753602813,
                        12.652679171118056,
                        0.12049170351738406,
                        1.1736513989749415,
                        0.7338149846060917,
                        62.4680165073183,
                        1.6412802412538712,
                        0.46546851123101673,
                        37.99203483576074,
                        12.733372099837272,
                        9.671432467397823,
                        13.25626462195897
                    ],
                    "n_samples_seen": 942,
                    "n_features_in": 31,
                    "columns": [
                        "EmployeeID",
                        "Age",
                        "BusinessTravel",
                        "DailyRate",
                        "Department",
                        "DistanceFromHome",
                        "Education",
                        "EducationField",
                        "EnvironmentSatisfaction",
                        "Gender",
                        "HourlyRate",
                        "JobInvolvement",
                        "JobLevel",
                        "JobRole",
                        "JobSatisfaction",
                        "MaritalStatus",
                        "MonthlyIncome",
                        "MonthlyRate",
                        "NumCompaniesWorked",
                        "OverTime",
                        "PercentSalaryHike",
                        "PerformanceRating",
                        "RelationshipSatisfaction",
                        "Shift",
                        "TotalWorkingYears",
                        "TrainingTimesLastYear",
                        "WorkLifeBalance",
                        "YearsAtCompany",
                        "YearsInCurrentRole",
                        "YearsSinceLastPromotion",
                        "YearsWithCurrManager"
                    ],
                    "scale_method": "scale_normal"
                }
            ],
            "categorical_y": {
                "No": 0,
                "Yes": 1
            },
            "ml_task": "binary_classification",
            "params": {
                "columns_preprocessing": {
                    "EmployeeID": [
                        "scale_normal"
                    ],
                    "Age": [
                        "scale_normal"
                    ],
                    "BusinessTravel": [
                        "categorical_to_int",
                        "scale_normal"
                    ],
                    "DailyRate": [
                        "scale_normal"
                    ],
                    "Department": [
                        "categorical_to_int",
                        "scale_normal"
                    ],
                    "DistanceFromHome": [
                        "scale_normal"
                    ],
                    "Education": [
                        "scale_normal"
                    ],
                    "EducationField": [
                        "categorical_to_int",
                        "scale_normal"
                    ],
                    "EmployeeCount": [
                        "remove_column"
                    ],
                    "EnvironmentSatisfaction": [
                        "scale_normal"
                    ],
                    "Gender": [
                        "categorical_to_int",
                        "scale_normal"
                    ],
                    "HourlyRate": [
                        "scale_normal"
                    ],
                    "JobInvolvement": [
                        "scale_normal"
                    ],
                    "JobLevel": [
                        "scale_normal"
                    ],
                    "JobRole": [
                        "categorical_to_int",
                        "scale_normal"
                    ],
                    "JobSatisfaction": [
                        "scale_normal"
                    ],
                    "MaritalStatus": [
                        "categorical_to_int",
                        "scale_normal"
                    ],
                    "MonthlyIncome": [
                        "scale_normal"
                    ],
                    "MonthlyRate": [
                        "scale_normal"
                    ],
                    "NumCompaniesWorked": [
                        "scale_normal"
                    ],
                    "Over18": [
                        "remove_column"
                    ],
                    "OverTime": [
                        "categorical_to_int",
                        "scale_normal"
                    ],
                    "PercentSalaryHike": [
                        "scale_normal"
                    ],
                    "PerformanceRating": [
                        "scale_normal"
                    ],
                    "RelationshipSatisfaction": [
                        "scale_normal"
                    ],
                    "StandardHours": [
                        "remove_column"
                    ],
                    "Shift": [
                        "scale_normal"
                    ],
                    "TotalWorkingYears": [
                        "scale_normal"
                    ],
                    "TrainingTimesLastYear": [
                        "scale_normal"
                    ],
                    "WorkLifeBalance": [
                        "scale_normal"
                    ],
                    "YearsAtCompany": [
                        "scale_normal"
                    ],
                    "YearsInCurrentRole": [
                        "scale_normal"
                    ],
                    "YearsSinceLastPromotion": [
                        "scale_normal"
                    ],
                    "YearsWithCurrManager": [
                        "scale_normal"
                    ]
                },
                "target_preprocessing": [
                    "na_exclude",
                    "categorical_to_int"
                ],
                "ml_task": "binary_classification"
            }
        }
    ],
    "learners": [
        {
            "library_version": "1.0.2",
            "algorithm_name": "Neural Network",
            "algorithm_short_name": "Neural Network",
            "uid": "add4b110-8315-4a28-b79e-d8292c1ea273",
            "params": {
                "model_type": "Neural Network",
                "ml_task": "binary_classification",
                "n_jobs": -1,
                "dense_1_size": 32,
                "dense_2_size": 16,
                "learning_rate": 0.05,
                "seed": 5,
                "explain_level": 2
            },
            "name": "learner_fold_0"
        }
    ],
    "params": {
        "additional": {
            "max_rows_limit": null,
            "max_cols_limit": null
        },
        "preprocessing": {
            "columns_preprocessing": {
                "EmployeeID": [
                    "scale_normal"
                ],
                "Age": [
                    "scale_normal"
                ],
                "BusinessTravel": [
                    "categorical_to_int",
                    "scale_normal"
                ],
                "DailyRate": [
                    "scale_normal"
                ],
                "Department": [
                    "categorical_to_int",
                    "scale_normal"
                ],
                "DistanceFromHome": [
                    "scale_normal"
                ],
                "Education": [
                    "scale_normal"
                ],
                "EducationField": [
                    "categorical_to_int",
                    "scale_normal"
                ],
                "EmployeeCount": [
                    "remove_column"
                ],
                "EnvironmentSatisfaction": [
                    "scale_normal"
                ],
                "Gender": [
                    "categorical_to_int",
                    "scale_normal"
                ],
                "HourlyRate": [
                    "scale_normal"
                ],
                "JobInvolvement": [
                    "scale_normal"
                ],
                "JobLevel": [
                    "scale_normal"
                ],
                "JobRole": [
                    "categorical_to_int",
                    "scale_normal"
                ],
                "JobSatisfaction": [
                    "scale_normal"
                ],
                "MaritalStatus": [
                    "categorical_to_int",
                    "scale_normal"
                ],
                "MonthlyIncome": [
                    "scale_normal"
                ],
                "MonthlyRate": [
                    "scale_normal"
                ],
                "NumCompaniesWorked": [
                    "scale_normal"
                ],
                "Over18": [
                    "remove_column"
                ],
                "OverTime": [
                    "categorical_to_int",
                    "scale_normal"
                ],
                "PercentSalaryHike": [
                    "scale_normal"
                ],
                "PerformanceRating": [
                    "scale_normal"
                ],
                "RelationshipSatisfaction": [
                    "scale_normal"
                ],
                "StandardHours": [
                    "remove_column"
                ],
                "Shift": [
                    "scale_normal"
                ],
                "TotalWorkingYears": [
                    "scale_normal"
                ],
                "TrainingTimesLastYear": [
                    "scale_normal"
                ],
                "WorkLifeBalance": [
                    "scale_normal"
                ],
                "YearsAtCompany": [
                    "scale_normal"
                ],
                "YearsInCurrentRole": [
                    "scale_normal"
                ],
                "YearsSinceLastPromotion": [
                    "scale_normal"
                ],
                "YearsWithCurrManager": [
                    "scale_normal"
                ]
            },
            "target_preprocessing": [
                "na_exclude",
                "categorical_to_int"
            ],
            "ml_task": "binary_classification"
        },
        "validation_strategy": {
            "validation_type": "split",
            "train_ratio": 0.75,
            "shuffle": true,
            "stratify": true,
            "X_path": "AutoML_1/X.data",
            "y_path": "AutoML_1/y.data",
            "results_path": "AutoML_1"
        },
        "learner": {
            "model_type": "Neural Network",
            "ml_task": "binary_classification",
            "n_jobs": -1,
            "dense_1_size": 32,
            "dense_2_size": 16,
            "learning_rate": 0.05,
            "seed": 5,
            "explain_level": 2
        },
        "automl_random_state": 1234,
        "ml_task": "binary_classification",
        "explain_level": 2,
        "name": "5_Default_NeuralNetwork",
        "status": "initialized",
        "final_loss": null,
        "train_time": null,
        "data_type": "original",
        "max_time_for_learner": 360.0
    },
    "saved": [
        "5_Default_NeuralNetwork/learner_fold_0.neural_network"
    ],
    "predictions_fname": "5_Default_NeuralNetwork/predictions_validation.csv",
    "metric_name": "logloss",
    "final_loss": 0.6421873186627527,
    "train_time": 2.5578389167785645,
    "is_stacked": false,
    "threshold": 0.3187256542423613
}