feature,mean_importance
MonthlyRate,-0.03756050345093538
PerformanceRating,-0.030597569817775883
JobLevel,-0.01443174616401075
TrainingTimesLastYear,-0.014394195061075954
HourlyRate,-0.010763995611636035
RelationshipSatisfaction,-0.009054808507076805
BusinessTravel,-0.008457342610156338
PercentSalaryHike,-0.0007683075966826713
YearsAtCompany,0.004309824751955804
EmployeeID,0.0063448924653512154
Gender,0.0072740262288811365
YearsInCurrentRole,0.01799332155290554
MonthlyIncome,0.02611645631401005
JobRole,0.030058186560765733
Education,0.03166498510325542
Department,0.034350512946974755
EnvironmentSatisfaction,0.03505310592917175
DailyRate,0.036164310812224286
Shift,0.03658976999041515
JobSatisfaction,0.03711890334867822
EducationField,0.04058622475021132
DistanceFromHome,0.04082194660170731
YearsWithCurrManager,0.054186030243715336
JobInvolvement,0.054188252681148665
WorkLifeBalance,0.06951666760371027
TotalWorkingYears,0.07897501171314932
Age,0.08697024878893904
MaritalStatus,0.09158075572149546
NumCompaniesWorked,0.10289051149179791
YearsSinceLastPromotion,0.15656276738073768
OverTime,0.553758942656017
