feature,mean_importance
EducationField,-0.0012932778173683989
EmployeeID,-0.0011268654476668306
PercentSalaryHike,-0.00019773063057453298
MonthlyRate,6.471948467950405e-05
PerformanceRating,0.0001277036601798398
HourlyRate,0.00023582939943422865
JobLevel,0.0002728297373761568
Education,0.0004864591288519349
RelationshipSatisfaction,0.0007496654752461196
Gender,0.000999341921324437
TrainingTimesLastYear,0.0014434689352967878
DailyRate,0.002052860171676002
DistanceFromHome,0.0033215522732183145
BusinessTravel,0.005767657010664323
YearsAtCompany,0.005788028808972151
YearsWithCurrManager,0.005888606710084271
JobRole,0.006150205875526643
Shift,0.008622744910897474
Department,0.01010850187749764
EnvironmentSatisfaction,0.0117849333774263
JobSatisfaction,0.012946699462475453
YearsInCurrentRole,0.013173223361529141
TotalWorkingYears,0.017812016431063105
MaritalStatus,0.021621665687855823
NumCompaniesWorked,0.021684300376505133
WorkLifeBalance,0.02240622446373226
MonthlyIncome,0.028239629777700954
JobInvolvement,0.029383097670373476
Age,0.030490420887970056
YearsSinceLastPromotion,0.060330032915025145
OverTime,0.17275966417031435
