feature,shap_importance
OverTime,1.2602636938622598
MonthlyIncome,0.9884769883381158
YearsSinceLastPromotion,0.7354344922993666
TotalWorkingYears,0.6780053571596901
Age,0.6478069053420045
YearsInCurrentRole,0.6200735812445937
YearsWithCurrManager,0.6140964133682723
NumCompaniesWorked,0.5851757427729947
MaritalStatus,0.5318157377985959
JobInvolvement,0.5296013191971224
JobSatisfaction,0.5241088529523699
DistanceFromHome,0.46724528244326774
WorkLifeBalance,0.39781911600237846
EnvironmentSatisfaction,0.3809406522420205
Shift,0.25453124504886976
Department,0.24725704312365626
JobRole,0.22407716087462937
EducationField,0.2139753841342753
TrainingTimesLastYear,0.18995730831116323
BusinessTravel,0.18835914694852096
DailyRate,0.1779919251253967
YearsAtCompany,0.15260806657897413
Gender,0.115064948628058
EmployeeID,0.08660826371127928
HourlyRate,0.08271515942241157
PerformanceRating,0.07531515000307633
RelationshipSatisfaction,0.04561187004800349
JobLevel,0.03834253968682154
PercentSalaryHike,0.01883653518889945
Education,0.01188955447374601
MonthlyRate,0.004015109588846197
