feature,weight
intercept,-4.668165822637007
EmployeeID,-0.10543348127330804
Age,-0.7241014264991706
BusinessTravel,-0.22719824574081823
DailyRate,-0.20917107538684124
Department,-0.2906524632799279
DistanceFromHome,0.5524124929280652
Education,0.01601980682183825
EducationField,-0.255346742663594
EnvironmentSatisfaction,-0.4049478927050139
Gender,-0.112682045217734
HourlyRate,-0.08899592720528056
JobInvolvement,-0.6596344089611755
JobLevel,0.0503342132688366
JobRole,-0.2888872360018663
JobSatisfaction,-0.5714256726682362
MaritalStatus,0.6066800772170308
MonthlyIncome,-1.245105927432947
MonthlyRate,0.004458883102567737
NumCompaniesWorked,0.6763482017315955
OverTime,1.5963406191592227
PercentSalaryHike,0.02117572872569359
PerformanceRating,-0.08882697865917974
RelationshipSatisfaction,-0.053821984132285346
Shift,-0.3208854323357788
TotalWorkingYears,-0.8252989114611428
TrainingTimesLastYear,-0.24339761520850928
WorkLifeBalance,-0.5326467240067714
YearsAtCompany,0.226670814174459
YearsInCurrentRole,-0.7266804794373812
YearsSinceLastPromotion,0.976581274628191
YearsWithCurrManager,-0.7581678391406923
