{
    "uid": "a69bdfcf-e855-4eb6-8148-298b16eec5d6",
    "name": "4_Default_Xgboost",
    "preprocessing": [
        {
            "remove_columns": [
                "EmployeeCount",
                "Over18",
                "StandardHours"
            ],
            "categorical": [
                {
                    "convert_method": "categorical_to_int",
                    "convert_params": {
                        "BusinessTravel": {
                            "Non-Travel": 0,
                            "Travel_Frequently": 1,
                            "Travel_Rarely": 2
                        },
                        "Department": {
                            "Cardiology": 0,
                            "Maternity": 1,
                            "Neurology": 2
                        },
                        "EducationField": {
                            "Human Resources": 0,
                            "Life Sciences": 1,
                            "Marketing": 2,
                            "Medical": 3,
                            "Other": 4,
                            "Technical Degree": 5
                        },
                        "Gender": {
                            "Female": 0,
                            "Male": 1
                        },
                        "JobRole": {
                            "Admin": 0,
                            "Administrative": 1,
                            "Nurse": 2,
                            "Other": 3,
                            "Therapist": 4
                        },
                        "MaritalStatus": {
                            "Divorced": 0,
                            "Married": 1,
                            "Single": 2
                        },
                        "OverTime": {
                            "No": 0,
                            "Yes": 1
                        }
                    },
                    "columns": [
                        "BusinessTravel",
                        "Department",
                        "EducationField",
                        "Gender",
                        "JobRole",
                        "MaritalStatus",
                        "OverTime"
                    ]
                }
            ],
            "categorical_y": {
                "No": 0,
                "Yes": 1
            },
            "ml_task": "binary_classification",
            "params": {
                "columns_preprocessing": {
                    "BusinessTravel": [
                        "categorical_to_int"
                    ],
                    "Department": [
                        "categorical_to_int"
                    ],
                    "EducationField": [
                        "categorical_to_int"
                    ],
                    "EmployeeCount": [
                        "remove_column"
                    ],
                    "Gender": [
                        "categorical_to_int"
                    ],
                    "JobRole": [
                        "categorical_to_int"
                    ],
                    "MaritalStatus": [
                        "categorical_to_int"
                    ],
                    "Over18": [
                        "remove_column"
                    ],
                    "OverTime": [
                        "categorical_to_int"
                    ],
                    "StandardHours": [
                        "remove_column"
                    ]
                },
                "target_preprocessing": [
                    "na_exclude",
                    "categorical_to_int"
                ],
                "ml_task": "binary_classification"
            }
        }
    ],
    "learners": [
        {
            "library_version": "1.7.3",
            "algorithm_name": "Extreme Gradient Boosting",
            "algorithm_short_name": "Xgboost",
            "uid": "631b91f8-5a49-4a1a-b907-4a70a06271bd",
            "params": {
                "model_type": "Xgboost",
                "ml_task": "binary_classification",
                "n_jobs": -1,
                "objective": "binary:logistic",
                "eta": 0.075,
                "max_depth": 6,
                "min_child_weight": 1,
                "subsample": 1.0,
                "colsample_bytree": 1.0,
                "seed": 4,
                "eval_metric": "logloss",
                "explain_level": 2
            },
            "name": "learner_fold_0",
            "best_ntree_limit": 77
        }
    ],
    "params": {
        "additional": {
            "max_rounds": 10000,
            "early_stopping_rounds": 50,
            "max_rows_limit": null,
            "max_cols_limit": null
        },
        "preprocessing": {
            "columns_preprocessing": {
                "BusinessTravel": [
                    "categorical_to_int"
                ],
                "Department": [
                    "categorical_to_int"
                ],
                "EducationField": [
                    "categorical_to_int"
                ],
                "EmployeeCount": [
                    "remove_column"
                ],
                "Gender": [
                    "categorical_to_int"
                ],
                "JobRole": [
                    "categorical_to_int"
                ],
                "MaritalStatus": [
                    "categorical_to_int"
                ],
                "Over18": [
                    "remove_column"
                ],
                "OverTime": [
                    "categorical_to_int"
                ],
                "StandardHours": [
                    "remove_column"
                ]
            },
            "target_preprocessing": [
                "na_exclude",
                "categorical_to_int"
            ],
            "ml_task": "binary_classification"
        },
        "validation_strategy": {
            "validation_type": "split",
            "train_ratio": 0.75,
            "shuffle": true,
            "stratify": true,
            "X_path": "AutoML_1/X.data",
            "y_path": "AutoML_1/y.data",
            "results_path": "AutoML_1"
        },
        "learner": {
            "model_type": "Xgboost",
            "ml_task": "binary_classification",
            "n_jobs": -1,
            "objective": "binary:logistic",
            "eta": 0.075,
            "max_depth": 6,
            "min_child_weight": 1,
            "subsample": 1.0,
            "colsample_bytree": 1.0,
            "seed": 4,
            "eval_metric": "logloss",
            "explain_level": 2
        },
        "automl_random_state": 1234,
        "ml_task": "binary_classification",
        "explain_level": 2,
        "name": "4_Default_Xgboost",
        "status": "initialized",
        "final_loss": null,
        "train_time": null,
        "data_type": "original",
        "max_time_for_learner": 360.0
    },
    "saved": [
        "4_Default_Xgboost/learner_fold_0.xgboost"
    ],
    "predictions_fname": "4_Default_Xgboost/predictions_validation.csv",
    "metric_name": "logloss",
    "final_loss": 0.23185514131531357,
    "train_time": 5.6985180377960205,
    "is_stacked": false,
    "threshold": 0.37361636757850647
}