feature,mean_importance
TrainingTimesLastYear,-0.006493047774725031
YearsInCurrentRole,-0.004827163683191427
EmployeeID,-0.003622907713972162
YearsWithCurrManager,-0.003439259053252297
JobSatisfaction,-0.0025848733117833644
TotalWorkingYears,-0.0016109245779022396
MonthlyRate,-0.0015273761317607048
PercentSalaryHike,-0.0012001096501591813
BusinessTravel,-0.0006443383337723041
HourlyRate,-0.00042529293956856116
Education,-0.0001801731492141523
EducationField,-8.436941645212915e-05
PerformanceRating,0.0
Gender,0.00046107571838157057
RelationshipSatisfaction,0.0011761573530615244
MaritalStatus,0.0016015318497305752
YearsAtCompany,0.0018039334730969414
DailyRate,0.0022276859826570795
JobLevel,0.0026813178462168465
JobInvolvement,0.003321697307632315
YearsSinceLastPromotion,0.0037387884656588156
JobRole,0.00457800758086026
Department,0.006198651184815729
DistanceFromHome,0.006500306779755244
NumCompaniesWorked,0.007016505245267157
WorkLifeBalance,0.010281848901705365
EnvironmentSatisfaction,0.011242894173437157
Age,0.011902498852402433
Shift,0.016350619930862658
MonthlyIncome,0.03027615360206081
OverTime,0.131931468382596
