feature,shap_importance
OverTime,1.2936032
MonthlyIncome,0.64562976
TotalWorkingYears,0.4622143
DistanceFromHome,0.4029887
Age,0.38183305
NumCompaniesWorked,0.34797153
Shift,0.31131697
YearsWithCurrManager,0.2677402
JobInvolvement,0.24770096
MaritalStatus,0.22879377
WorkLifeBalance,0.2167652
EmployeeID,0.2083136
EnvironmentSatisfaction,0.20669888
DailyRate,0.17050439
JobSatisfaction,0.15504037
Department,0.14104979
YearsAtCompany,0.13840498
TrainingTimesLastYear,0.11134842
YearsSinceLastPromotion,0.09251507
EducationField,0.087640196
HourlyRate,0.0870162
MonthlyRate,0.079267085
RelationshipSatisfaction,0.07607821
Gender,0.06241449
YearsInCurrentRole,0.052473776
PercentSalaryHike,0.04673165
BusinessTravel,0.033287324
JobRole,0.031598564
JobLevel,0.022264918
Education,0.019822963
PerformanceRating,0.0
